INSERT INTO robe.Menu VALUES ('402881a94367894f0143679ae4060000','2014-01-06 14:52:01','root',1,'Menü',NULL),('402881a94367a091014367a1b5dc0000','2014-01-06 15:01:03','Manager',1,'Yönetici','402881a94367894f0143679ae4060000'),('402881a94367a29a014367a443b20002','2014-01-07 12:50:21','UserManagement',1,'Kullanıcı Yönetimi','402881a94367a091014367a1b5dc0000'),('402881a94367a29a014367a4ae500003','2014-01-15 16:53:50','RoleManagement',1,'Rol Yönetimi','402881a94367a091014367a1b5dc0000'),('402881a94367a29a014367a542e00004','2014-01-06 15:02:15','MenuManagement',1,'Menü Yönetimi','402881a94367a091014367a1b5dc0000'),('402881a94367a29a014367fee0d10006','2014-01-07 12:15:55','PermissionManagement',1,'İzin Atama','402881a94367a091014367a1b5dc0000');
INSERT INTO robe.Role VALUES ('402881ac43d3c5af0143d3c64e40000d','2014-01-27 14:57:05','admin','Admin'),('402881ac43d4997d0143d49b5ca40000','2014-01-27 18:49:48','user','User');
INSERT INTO robe.Service VALUES ('402881ac43d42c950143d438aa1a0000','2014-01-27 17:02:00','GET','/role/{userId}'),('402881ac43d42c950143d438aa3b0001','2014-01-27 17:02:00','GET','/role/all'),('402881ac43d42c950143d438aa3d0002','2014-01-27 17:02:00','GET','/service/all'),('402881ac43d42c950143d438aa400003','2014-01-27 17:02:00','POST','/authentication/login'),('402881ac43d42c950143d438aa420004','2014-01-27 17:02:00','POST','/authentication/changepassword'),('402881ac43d42c950143d438aa450005','2014-01-27 17:02:00','POST','/authentication/forgotpassword'),('402881ac43d42c950143d438aa480006','2014-01-27 17:02:00','GET','/permission/{roleOid}'),('402881ac43d42c950143d438aa4a0007','2014-01-27 17:02:00','PUT','/permission/{roleOid}'),('402881ac43d42c950143d438aa4e0008','2014-01-27 17:02:00','POST','/menu/movenode/{item}/{destination}'),('402881ac43d42c950143d438aa510009','2014-01-27 17:02:00','GET','/menu/all'),('402881ac43d42c950143d438aa53000a','2014-01-27 17:02:00','GET','/menu/user'),('402881ac43d42c950143d438aa56000b','2014-01-27 17:02:00','GET','/menu/roots'),('402881ac43d42c950143d438aa58000c','2014-01-27 17:02:00','GET','/user/{userId}'),('402881ac43d42c950143d438aa5b000d','2014-01-27 17:02:00','GET','/user/all'),('402881ac43d8e7780143d94662d40014','2014-01-28 16:35:05','GET','/permission/{roleOid}/menu'),('402881ac43d8e7780143d94662d70015','2014-01-28 16:35:05','PUT','/permission/{roleOid}/menu'),('402881ac43d8e7780143d94662d90016','2014-01-28 16:35:05','GET','/permission/{roleOid}/service'),('402881ac43d8e7780143d94662db0017','2014-01-28 16:35:05','PUT','/permission/{roleOid}/service');
INSERT INTO robe.Permission VALUES ('402881ac43d805ff0143d8340c56002f','2014-01-28 11:35:26',7,'402881ac43d42c950143d438aa1a0000','SERVICE','402881ac43d4997d0143d49b5ca40000'),('402881ac43d805ff0143d8340c570030','2014-01-28 11:35:26',7,'402881a94367a29a014367a443b20002','MENU','402881ac43d4997d0143d49b5ca40000'),('402881ac43d805ff0143d8340c580031','2014-01-28 11:35:26',7,'402881ac43d42c950143d438aa3b0001','SERVICE','402881ac43d4997d0143d49b5ca40000'),('402881ac43d805ff0143d8340c590032','2014-01-28 11:35:26',7,'402881a94367a29a014367a4ae500003','MENU','402881ac43d4997d0143d49b5ca40000'),('402881ac43d805ff0143d8340c5b0033','2014-01-28 11:35:26',7,'402881ac43d42c950143d438aa3d0002','SERVICE','402881ac43d4997d0143d49b5ca40000'),('402881ac43d805ff0143d8340c5c0034','2014-01-28 11:35:26',7,'402881a94367a29a014367a542e00004','MENU','402881ac43d4997d0143d49b5ca40000'),('402881ac43d805ff0143d8340c5e0035','2014-01-28 11:35:26',7,'402881ac43d42c950143d438aa400003','SERVICE','402881ac43d4997d0143d49b5ca40000'),('402881ac43d8e7780143d94711140018','2014-01-28 16:35:50',7,'402881a94367894f0143679ae4060000','MENU','402881ac43d3c5af0143d3c64e40000d'),('402881ac43d8e7780143d94711190019','2014-01-28 16:35:50',7,'402881a94367a091014367a1b5dc0000','MENU','402881ac43d3c5af0143d3c64e40000d'),('402881ac43d8e7780143d947111d001a','2014-01-28 16:35:50',7,'402881a94367a29a014367a443b20002','MENU','402881ac43d3c5af0143d3c64e40000d'),('402881ac43d8e7780143d947111d001b','2014-01-28 16:35:50',7,'402881ac43d42c950143d438aa1a0000','SERVICE','402881ac43d3c5af0143d3c64e40000d'),('402881ac43d8e7780143d9471120001c','2014-01-28 16:35:50',7,'402881ac43d42c950143d438aa3b0001','SERVICE','402881ac43d3c5af0143d3c64e40000d'),('402881ac43d8e7780143d9471120001d','2014-01-28 16:35:50',7,'402881a94367a29a014367a4ae500003','MENU','402881ac43d3c5af0143d3c64e40000d'),('402881ac43d8e7780143d9471123001e','2014-01-28 16:35:50',7,'402881ac43d42c950143d438aa3d0002','SERVICE','402881ac43d3c5af0143d3c64e40000d'),('402881ac43d8e7780143d9471123001f','2014-01-28 16:35:50',7,'402881a94367a29a014367a542e00004','MENU','402881ac43d3c5af0143d3c64e40000d'),('402881ac43d8e7780143d94711260020','2014-01-28 16:35:50',7,'402881ac43d42c950143d438aa400003','SERVICE','402881ac43d3c5af0143d3c64e40000d'),('402881ac43d8e7780143d94711260021','2014-01-28 16:35:50',7,'402881a94367a29a014367fee0d10006','MENU','402881ac43d3c5af0143d3c64e40000d'),('402881ac43d8e7780143d94711290022','2014-01-28 16:35:50',7,'402881ac43d42c950143d438aa420004','SERVICE','402881ac43d3c5af0143d3c64e40000d'),('402881ac43d8e7780143d947112c0023','2014-01-28 16:35:50',7,'402881ac43d42c950143d438aa450005','SERVICE','402881ac43d3c5af0143d3c64e40000d'),('402881ac43d8e7780143d947112f0024','2014-01-28 16:35:50',7,'402881ac43d42c950143d438aa480006','SERVICE','402881ac43d3c5af0143d3c64e40000d'),('402881ac43d8e7780143d94711330025','2014-01-28 16:35:50',7,'402881ac43d42c950143d438aa4a0007','SERVICE','402881ac43d3c5af0143d3c64e40000d'),('402881ac43d8e7780143d94711370026','2014-01-28 16:35:50',7,'402881ac43d42c950143d438aa4e0008','SERVICE','402881ac43d3c5af0143d3c64e40000d'),('402881ac43d8e7780143d947113a0027','2014-01-28 16:35:50',7,'402881ac43d42c950143d438aa510009','SERVICE','402881ac43d3c5af0143d3c64e40000d'),('402881ac43d8e7780143d947113e0028','2014-01-28 16:35:50',7,'402881ac43d42c950143d438aa53000a','SERVICE','402881ac43d3c5af0143d3c64e40000d'),('402881ac43d8e7780143d94711400029','2014-01-28 16:35:50',7,'402881ac43d42c950143d438aa56000b','SERVICE','402881ac43d3c5af0143d3c64e40000d'),('402881ac43d8e7780143d9471143002a','2014-01-28 16:35:50',7,'402881ac43d42c950143d438aa58000c','SERVICE','402881ac43d3c5af0143d3c64e40000d'),('402881ac43d8e7780143d9471147002b','2014-01-28 16:35:50',7,'402881ac43d42c950143d438aa5b000d','SERVICE','402881ac43d3c5af0143d3c64e40000d'),('402881ac43d8e7780143d947114a002c','2014-01-28 16:35:50',7,'402881ac43d8e7780143d94662d40014','SERVICE','402881ac43d3c5af0143d3c64e40000d'),('402881ac43d8e7780143d947114d002d','2014-01-28 16:35:50',7,'402881ac43d8e7780143d94662d70015','SERVICE','402881ac43d3c5af0143d3c64e40000d'),('402881ac43d8e7780143d9471150002e','2014-01-28 16:35:50',7,'402881ac43d8e7780143d94662d90016','SERVICE','402881ac43d3c5af0143d3c64e40000d'),('402881ac43d8e7780143d9471153002f','2014-01-28 16:35:50',7,'402881ac43d8e7780143d94662db0017','SERVICE','402881ac43d3c5af0143d3c64e40000d');
INSERT INTO robe.User VALUES ('402881ac43d3c5af0143d3c64e54000e','2014-01-27 14:57:05',1,'admin@robe.io','admin','96cae35ce8a9b0244178bf28e4966c2ce1b8385723a96a6b838858cdd6ca0a1e','admin','402881ac43d3c5af0143d3c64e40000d');